INSERT INTO roles (id, name) VALUES ('0', 'ROLE_ADMIN');
INSERT INTO roles (id, name) VALUES ('1', 'ROLE_USER');
INSERT INTO clients (id, address, cell, email, first_name, last_name, password, username) VALUES ('1', 'Calle 72 #10-34, Bogotá', '3001234567', 'juan@email.com', 'Juan', 'Pérez', '$2a$10$v05I1HNG0gVD.PxEK63i2eDD4Lu.Z5obW/U/AvbGG5.DQEtN0mYfm', 'juan123');
INSERT INTO clients (id, address, cell, email, first_name, last_name, password, username) VALUES ('2', 'Cra 45 #23-56, Medellín', '3012345678', 'maria.gomez@gmail.com', 'María', 'Gómez', '$2a$10$v05I1HNG0gVD.PxEK63i2eDD4Lu.Z5obW/U/AvbGG5.DQEtN0mYfm', 'mariag');
INSERT INTO clients (id, address, cell, email, first_name, last_name, password, username) VALUES ('3', 'Av. Roosevelt #12-89, Cali', '3023456789', 'carlos.rojas@gmail.com', 'Carlos', 'Rojas', '$2a$10$v05I1HNG0gVD.PxEK63i2eDD4Lu.Z5obW/U/AvbGG5.DQEtN0mYfm', 'carlosr');
INSERT INTO clients (id, address, cell, email, first_name, last_name, password, username) VALUES ('4', 'Calle del Arsenal #5-21, Cartagena', '3034567890', 'ana.martinez@gmail.com', 'Ana', 'Martínez', '$2a$10$v05I1HNG0gVD.PxEK63i2eDD4Lu.Z5obW/U/AvbGG5.DQEtN0mYfm', 'anam');
INSERT INTO clients (id, address, cell, email, first_name, last_name, password, username) VALUES ('5', 'Cra 53 #84-12, Barranquilla', '3045678901', 'luis.torres@gmail.com', 'Luis', 'Torres', '$2a$10$v05I1HNG0gVD.PxEK63i2eDD4Lu.Z5obW/U/AvbGG5.DQEtN0mYfm', 'luist');
INSERT INTO clients (id, address, cell, email, first_name, last_name, password, username) VALUES ('6', 'Via España #45, Ciudad de Panamá', '3056789012', 'sofia.ramirez@gmail.com', 'Sofía', 'Ramírez', '$2a$10$v05I1HNG0gVD.PxEK63i2eDD4Lu.Z5obW/U/AvbGG5.DQEtN0mYfm', 'sofiar');
INSERT INTO clients (id, address, cell, email, first_name, last_name, password, username) VALUES ('7', 'Av. Insurgentes Sur #1200, Ciudad de México', '3067890123', 'diego.hernandez@gmail.com', 'Diego', 'Hernández', '$2a$10$v05I1HNG0gVD.PxEK63i2eDD4Lu.Z5obW/U/AvbGG5.DQEtN0mYfm', 'diegoh');
INSERT INTO clients (id, address, cell, email, first_name, last_name, password, username) VALUES ('8', 'Av. Kukulcán Km 9, Cancún', '3078901234', 'laura.castillo@gmail.com', 'Laura', 'Castillo', '$2a$10$v05I1HNG0gVD.PxEK63i2eDD4Lu.Z5obW/U/AvbGG5.DQEtN0mYfm', 'laurac');
INSERT INTO clients (id, address, cell, email, first_name, last_name, password, username) VALUES ('9', 'Av. Corrientes 1234, Buenos Aires', '3089012345', 'martin.lopez@gmail.com', 'Martín', 'López', '$2a$10$v05I1HNG0gVD.PxEK63i2eDD4Lu.Z5obW/U/AvbGG5.DQEtN0mYfm', 'martinl');
INSERT INTO clients (id, address, cell, email, first_name, last_name, password, username) VALUES ('10', 'Av. Providencia 456, Santiago', '3090123456', 'valentina.silva@gmail.com', 'Valentina', 'Silva', '$2a$10$v05I1HNG0gVD.PxEK63i2eDD4Lu.Z5obW/U/AvbGG5.DQEtN0mYfm', 'valentinas');
INSERT INTO clients (id, address, cell, email, first_name, last_name, password, username) VALUES ('11', 'Av. Javier Prado 789, Lima', '3101234567', 'roberto.flores@gmail.com', 'Roberto', 'Flores', '$2a$10$v05I1HNG0gVD.PxEK63i2eDD4Lu.Z5obW/U/AvbGG5.DQEtN0mYfm', 'robertof');
INSERT INTO clients (id, address, cell, email, first_name, last_name, password, username) VALUES ('12', 'Rua Augusta 321, São Paulo', '3112345678', 'fernanda.almeida@gmail.com', 'Fernanda', 'Almeida', '$2a$10$v05I1HNG0gVD.PxEK63i2eDD4Lu.Z5obW/U/AvbGG5.DQEtN0mYfm', 'fernandaa');
INSERT INTO clients (id, address, cell, email, first_name, last_name, password, username) VALUES ('13', 'Av. Atlântica 900, Río de Janeiro', '3123456789', 'pedro.santos@gmail.com', 'Pedro', 'Santos', '$2a$10$v05I1HNG0gVD.PxEK63i2eDD4Lu.Z5obW/U/AvbGG5.DQEtN0mYfm', 'pedros');
INSERT INTO clients (id, address, cell, email, first_name, last_name, password, username) VALUES ('14', 'Calle Gran Vía 88, Madrid', '3134567890', 'lucia.moreno@gmail.com', 'Lucía', 'Moreno', '$2a$10$v05I1HNG0gVD.PxEK63i2eDD4Lu.Z5obW/U/AvbGG5.DQEtN0mYfm', 'luciam');
INSERT INTO clients (id, address, cell, email, first_name, last_name, password, username) VALUES ('15', 'Carrer de Balmes 45, Barcelona', '3145678901', 'javier.ruiz@gmail.com', 'Javier', 'Ruiz', '$2a$10$v05I1HNG0gVD.PxEK63i2eDD4Lu.Z5obW/U/AvbGG5.DQEtN0mYfm', 'javierr');
INSERT INTO clients (id, address, cell, email, first_name, last_name, password, username) VALUES ('16', 'Rue de Rivoli 102, París', '3156789012', 'camille.dupont@gmail.com', 'Camille', 'Dupont', '$2a$10$v05I1HNG0gVD.PxEK63i2eDD4Lu.Z5obW/U/AvbGG5.DQEtN0mYfm', 'camilled');
INSERT INTO clients (id, address, cell, email, first_name, last_name, password, username) VALUES ('17', 'Damrak 55, Ámsterdam', '3167890123', 'thomas.devries@gmail.com', 'Thomas', 'De Vries', '$2a$10$v05I1HNG0gVD.PxEK63i2eDD4Lu.Z5obW/U/AvbGG5.DQEtN0mYfm', 'thomasv');
INSERT INTO clients (id, address, cell, email, first_name, last_name, password, username) VALUES ('18', 'Zeil 110, Fráncfort', '3178901234', 'lukas.meyer@gmail.com', 'Lukas', 'Meyer', '$2a$10$v05I1HNG0gVD.PxEK63i2eDD4Lu.Z5obW/U/AvbGG5.DQEtN0mYfm', 'lukasm');
INSERT INTO clients (id, address, cell, email, first_name, last_name, password, username) VALUES ('19', 'Oxford Street 200, Londres', '3189012345', 'emily.johnson@gmail.com', 'Emily', 'Johnson', '$2a$10$v05I1HNG0gVD.PxEK63i2eDD4Lu.Z5obW/U/AvbGG5.DQEtN0mYfm', 'emilyj');
INSERT INTO clients (id, address, cell, email, first_name, last_name, password, username) VALUES ('20', 'Via del Corso 150, Roma', '3190123456', 'marco.rossi@gmail.com', 'Marco', 'Rossi', '$2a$10$v05I1HNG0gVD.PxEK63i2eDD4Lu.Z5obW/U/AvbGG5.DQEtN0mYfm', 'marcor');
INSERT INTO airlanes (id, airlane_code, name, origin_country) VALUES ('1', 'AV', 'Avianca', 'Colombia');
INSERT INTO airlanes (id, airlane_code, name, origin_country) VALUES ('2', 'LA', 'LATAM Airlines', 'Chile');
INSERT INTO airlanes (id, airlane_code, name, origin_country) VALUES ('3', 'AA', 'American Airlines', 'Estados Unidos');
INSERT INTO airlanes (id, airlane_code, name, origin_country) VALUES ('4', 'DL', 'Delta Air Lines', 'Estados Unidos');
INSERT INTO airlanes (id, airlane_code, name, origin_country) VALUES ('5', 'UA', 'United Airlines', 'Estados Unidos');
INSERT INTO airlanes (id, airlane_code, name, origin_country) VALUES ('6', 'IB', 'Iberia', 'España');
INSERT INTO airlanes (id, airlane_code, name, origin_country) VALUES ('7', 'AF', 'Air France', 'Francia');
INSERT INTO airlanes (id, airlane_code, name, origin_country) VALUES ('8', 'LH', 'Lufthansa', 'Alemania');
INSERT INTO airlanes (id, airlane_code, name, origin_country) VALUES ('9', 'KL', 'KLM Royal Dutch Airlines', 'Países Bajos');
INSERT INTO airlanes (id, airlane_code, name, origin_country) VALUES ('10', 'BA', 'British Airways', 'Reino Unido');
INSERT INTO airlanes (id, airlane_code, name, origin_country) VALUES ('11', 'CM', 'Copa Airlines', 'Panamá');
INSERT INTO airlanes (id, airlane_code, name, origin_country) VALUES ('12', 'AM', 'Aeroméxico', 'México');
INSERT INTO airlanes (id, airlane_code, name, origin_country) VALUES ('13', 'AR', 'Aerolíneas Argentinas', 'Argentina');
INSERT INTO airlanes (id, airlane_code, name, origin_country) VALUES ('14', 'G3', 'Gol Linhas Aéreas', 'Brasil');
INSERT INTO airlanes (id, airlane_code, name, origin_country) VALUES ('15', 'AD', 'Azul Brazilian Airlines', 'Brasil');
INSERT INTO airlanes (id, airlane_code, name, origin_country) VALUES ('16', 'SK', 'Scandinavian Airlines', 'Suecia');
INSERT INTO airlanes (id, airlane_code, name, origin_country) VALUES ('17', 'TP', 'TAP Air Portugal', 'Portugal');
INSERT INTO airlanes (id, airlane_code, name, origin_country) VALUES ('18', 'AZ', 'ITA Airways', 'Italia');
INSERT INTO airlanes (id, airlane_code, name, origin_country) VALUES ('19', 'QR', 'Qatar Airways', 'Qatar');
INSERT INTO airlanes (id, airlane_code, name, origin_country) VALUES ('20', 'EK', 'Emirates', 'Emiratos Árabes Unidos');
INSERT INTO airports (id, city, country, name) VALUES ('1', 'Bogotá', 'Colombia', 'Aeropuerto Internacional El Dorado');
INSERT INTO airports (id, city, country, name) VALUES ('2', 'Medellín', 'Colombia', 'Aeropuerto Internacional José María Córdova');
INSERT INTO airports (id, city, country, name) VALUES ('3', 'Cali', 'Colombia', 'Aeropuerto Internacional Alfonso Bonilla Aragón');
INSERT INTO airports (id, city, country, name) VALUES ('4', 'Cartagena', 'Colombia', 'Aeropuerto Internacional Rafael Núñez');
INSERT INTO airports (id, city, country, name) VALUES ('5', 'Barranquilla', 'Colombia', 'Aeropuerto Internacional Ernesto Cortissoz');
INSERT INTO airports (id, city, country, name) VALUES ('6', 'Ciudad de Panamá', 'Panamá', 'Aeropuerto Internacional de Tocumen');
INSERT INTO airports (id, city, country, name) VALUES ('7', 'Ciudad de México', 'México', 'Aeropuerto Internacional Benito Juárez');
INSERT INTO airports (id, city, country, name) VALUES ('8', 'Cancún', 'México', 'Aeropuerto Internacional de Cancún');
INSERT INTO airports (id, city, country, name) VALUES ('9', 'Buenos Aires', 'Argentina', 'Aeropuerto Internacional Ministro Pistarini');
INSERT INTO airports (id, city, country, name) VALUES ('10', 'Santiago', 'Chile', 'Aeropuerto Internacional Arturo Merino Benítez');
INSERT INTO airports (id, city, country, name) VALUES ('11', 'Lima', 'Perú', 'Aeropuerto Internacional Jorge Chávez');
INSERT INTO airports (id, city, country, name) VALUES ('12', 'São Paulo', 'Brasil', 'Aeropuerto Internacional de São Paulo-Guarulhos');
INSERT INTO airports (id, city, country, name) VALUES ('13', 'Río de Janeiro', 'Brasil', 'Aeropuerto Internacional Galeão');
INSERT INTO airports (id, city, country, name) VALUES ('14', 'Madrid', 'España', 'Aeropuerto Adolfo Suárez Madrid-Barajas');
INSERT INTO airports (id, city, country, name) VALUES ('15', 'Barcelona', 'España', 'Aeropuerto Josep Tarradellas Barcelona-El Prat');
INSERT INTO airports (id, city, country, name) VALUES ('16', 'París', 'Francia', 'Aeropuerto Charles de Gaulle');
INSERT INTO airports (id, city, country, name) VALUES ('17', 'Ámsterdam', 'Países Bajos', 'Aeropuerto de Ámsterdam-Schiphol');
INSERT INTO airports (id, city, country, name) VALUES ('18', 'Fráncfort', 'Alemania', 'Aeropuerto de Fráncfort del Meno');
INSERT INTO airports (id, city, country, name) VALUES ('19', 'Londres', 'Reino Unido', 'Aeropuerto de Heathrow');
INSERT INTO airports (id, city, country, name) VALUES ('20', 'Roma', 'Italia', 'Aeropuerto Leonardo da Vinci-Fiumicino');
INSERT INTO flights (id, arrival_time, capacity, departure_time, destination, origin, id_airlane, id_airport) VALUES ('1', '2026-03-01 10:30:00', '180', '2026-03-01 08:00:00', 'Medellín', 'Bogotá', '1', '1');
INSERT INTO flights (id, arrival_time, capacity, departure_time, destination, origin, id_airlane, id_airport) VALUES ('2', '2026-03-01 12:45:00', '160', '2026-03-01 09:30:00', 'Cali', 'Bogotá', '1', '1');
INSERT INTO flights (id, arrival_time, capacity, departure_time, destination, origin, id_airlane, id_airport) VALUES ('3', '2026-03-01 15:20:00', '200', '2026-03-01 11:00:00', 'Ciudad de Panamá', 'Bogotá', '11', '1');
INSERT INTO flights (id, arrival_time, capacity, departure_time, destination, origin, id_airlane, id_airport) VALUES ('4', '2026-03-01 18:50:00', '220', '2026-03-01 14:30:00', 'Miami', 'Bogotá', '3', '1');
INSERT INTO flights (id, arrival_time, capacity, departure_time, destination, origin, id_airlane, id_airport) VALUES ('5', '2026-03-02 09:10:00', '150', '2026-03-02 07:00:00', 'Bogotá', 'Medellín', '1', '2');
INSERT INTO flights (id, arrival_time, capacity, departure_time, destination, origin, id_airlane, id_airport) VALUES ('6', '2026-03-02 13:40:00', '180', '2026-03-02 10:30:00', 'Lima', 'Medellín', '2', '2');
INSERT INTO flights (id, arrival_time, capacity, departure_time, destination, origin, id_airlane, id_airport) VALUES ('7', '2026-03-02 16:30:00', '190', '2026-03-02 12:00:00', 'Santiago', 'Buenos Aires', '13', '9');
INSERT INTO flights (id, arrival_time, capacity, departure_time, destination, origin, id_airlane, id_airport) VALUES ('8', '2026-03-02 20:15:00', '210', '2026-03-02 15:30:00', 'Madrid', 'Buenos Aires', '6', '9');
INSERT INTO flights (id, arrival_time, capacity, departure_time, destination, origin, id_airlane, id_airport) VALUES ('9', '2026-03-03 08:50:00', '250', '2026-03-03 02:30:00', 'París', 'Madrid', '6', '14');
INSERT INTO flights (id, arrival_time, capacity, departure_time, destination, origin, id_airlane, id_airport) VALUES ('10', '2026-03-03 11:00:00', '260', '2026-03-03 05:45:00', 'Londres', 'Madrid', '10', '14');
INSERT INTO flights (id, arrival_time, capacity, departure_time, destination, origin, id_airlane, id_airport) VALUES ('11', '2026-03-03 14:20:00', '240', '2026-03-03 08:00:00', 'Roma', 'París', '7', '16');
INSERT INTO flights (id, arrival_time, capacity, departure_time, destination, origin, id_airlane, id_airport) VALUES ('12', '2026-03-03 18:10:00', '230', '2026-03-03 12:30:00', 'Ámsterdam', 'París', '7', '16');
INSERT INTO flights (id, arrival_time, capacity, departure_time, destination, origin, id_airlane, id_airport) VALUES ('13', '2026-03-04 09:40:00', '300', '2026-03-04 01:00:00', 'Dubái', 'Londres', '20', '19');
INSERT INTO flights (id, arrival_time, capacity, departure_time, destination, origin, id_airlane, id_airport) VALUES ('14', '2026-03-04 13:30:00', '280', '2026-03-04 06:30:00', 'Doha', 'Londres', '19', '19');
INSERT INTO flights (id, arrival_time, capacity, departure_time, destination, origin, id_airlane, id_airport) VALUES ('15', '2026-03-04 17:50:00', '270', '2026-03-04 09:00:00', 'Fráncfort', 'Roma', '18', '20');
INSERT INTO flights (id, arrival_time, capacity, departure_time, destination, origin, id_airlane, id_airport) VALUES ('16', '2026-03-04 21:30:00', '260', '2026-03-04 14:00:00', 'Madrid', 'Roma', '18', '20');
INSERT INTO flights (id, arrival_time, capacity, departure_time, destination, origin, id_airlane, id_airport) VALUES ('17', '2026-03-05 11:30:00', '230', '2026-03-05 07:00:00', 'Madrid', 'Bogotá', '1', '1');
INSERT INTO flights (id, arrival_time, capacity, departure_time, destination, origin, id_airlane, id_airport) VALUES ('18', '2026-03-05 15:10:00', '240', '2026-03-05 09:30:00', 'París', 'Madrid', '6', '14');
INSERT INTO flights (id, arrival_time, capacity, departure_time, destination, origin, id_airlane, id_airport) VALUES ('19', '2026-03-05 18:40:00', '220', '2026-03-05 14:00:00', 'Londres', 'París', '7', '16');
INSERT INTO flights (id, arrival_time, capacity, departure_time, destination, origin, id_airlane, id_airport) VALUES ('20', '2026-03-05 22:00:00', '260', '2026-03-05 16:30:00', 'Roma', 'Londres', '10', '19');
INSERT INTO reserves (id, number_of_seats, reservation_date, client_id) VALUES ('1', '1', '2026-02-10 00:00:00', '1');
INSERT INTO reserves (id, number_of_seats, reservation_date, client_id) VALUES ('2', '2', '2026-02-11 00:00:00', '2');
INSERT INTO reserves (id, number_of_seats, reservation_date, client_id) VALUES ('3', '1', '2026-02-11 00:00:00', '3');
INSERT INTO reserves (id, number_of_seats, reservation_date, client_id) VALUES ('4', '3', '2026-02-12 00:00:00', '4');
INSERT INTO reserves (id, number_of_seats, reservation_date, client_id) VALUES ('5', '2', '2026-02-12 00:00:00', '5');
INSERT INTO reserves (id, number_of_seats, reservation_date, client_id) VALUES ('6', '1', '2026-02-13 00:00:00', '6');
INSERT INTO reserves (id, number_of_seats, reservation_date, client_id) VALUES ('7', '4', '2026-02-13 00:00:00', '7');
INSERT INTO reserves (id, number_of_seats, reservation_date, client_id) VALUES ('8', '2', '2026-02-14 00:00:00', '8');
INSERT INTO reserves (id, number_of_seats, reservation_date, client_id) VALUES ('9', '1', '2026-02-14 00:00:00', '9');
INSERT INTO reserves (id, number_of_seats, reservation_date, client_id) VALUES ('10', '3', '2026-02-15 00:00:00', '10');
INSERT INTO reserves (id, number_of_seats, reservation_date, client_id) VALUES ('11', '2', '2026-02-15 00:00:00', '11');
INSERT INTO reserves (id, number_of_seats, reservation_date, client_id) VALUES ('12', '1', '2026-02-16 00:00:00', '12');
INSERT INTO reserves (id, number_of_seats, reservation_date, client_id) VALUES ('13', '5', '2026-02-16 00:00:00', '13');
INSERT INTO reserves (id, number_of_seats, reservation_date, client_id) VALUES ('14', '2', '2026-02-17 00:00:00', '14');
INSERT INTO reserves (id, number_of_seats, reservation_date, client_id) VALUES ('15', '1', '2026-02-17 00:00:00', '15');
INSERT INTO reserves (id, number_of_seats, reservation_date, client_id) VALUES ('16', '3', '2026-02-18 00:00:00', '16');
INSERT INTO reserves (id, number_of_seats, reservation_date, client_id) VALUES ('17', '2', '2026-02-18 00:00:00', '17');
INSERT INTO reserves (id, number_of_seats, reservation_date, client_id) VALUES ('18', '1', '2026-02-19 00:00:00', '18');
INSERT INTO reserves (id, number_of_seats, reservation_date, client_id) VALUES ('19', '4', '2026-02-19 00:00:00', '19');
INSERT INTO reserves (id, number_of_seats, reservation_date, client_id) VALUES ('20', '2', '2026-02-20 00:00:00', '20');
INSERT INTO passengers (id, address, cell, email, first_name, identification_number, last_name, reserve_id) VALUES ('1', 'Calle 72 #10-34, Bogotá', '3001234567', 'juan.perez@gmail.com', 'Juan', 'CC100001', 'Pérez', '1');
INSERT INTO passengers (id, address, cell, email, first_name, identification_number, last_name, reserve_id) VALUES ('2', 'Cra 45 #23-56, Medellín', '3012345678', 'maria.gomez@gmail.com', 'María', 'CC100002', 'Gómez', '2');
INSERT INTO passengers (id, address, cell, email, first_name, identification_number, last_name, reserve_id) VALUES ('3', 'Cra 45 #23-56, Medellín', '3012345679', 'maria.gomez@gmail.com', 'Andrés', 'CC100003', 'Gómez', '2');
INSERT INTO passengers (id, address, cell, email, first_name, identification_number, last_name, reserve_id) VALUES ('4', 'Av. Roosevelt #12-89, Cali', '3023456789', 'carlos.rojas@gmail.com', 'Carlos', 'CC100004', 'Rojas', '3');
INSERT INTO passengers (id, address, cell, email, first_name, identification_number, last_name, reserve_id) VALUES ('5', 'Calle del Arsenal #5-21, Cartagena', '3034567890', 'ana.martinez@gmail.com', 'Ana', 'CC100005', 'Martínez', '4');
INSERT INTO passengers (id, address, cell, email, first_name, identification_number, last_name, reserve_id) VALUES ('6', 'Calle del Arsenal #5-21, Cartagena', '3034567891', 'ana.martinez@gmail.com', 'Luis', 'CC100006', 'Martínez', '4');
INSERT INTO passengers (id, address, cell, email, first_name, identification_number, last_name, reserve_id) VALUES ('7', 'Calle del Arsenal #5-21, Cartagena', '3034567892', 'ana.martinez@gmail.com', 'Sofía', 'CC100007', 'Martínez', '4');
INSERT INTO passengers (id, address, cell, email, first_name, identification_number, last_name, reserve_id) VALUES ('8', 'Cra 53 #84-12, Barranquilla', '3045678901', 'luis.torres@gmail.com', 'Luis', 'CC100008', 'Torres', '5');
INSERT INTO passengers (id, address, cell, email, first_name, identification_number, last_name, reserve_id) VALUES ('9', 'Cra 53 #84-12, Barranquilla', '3045678902', 'luis.torres@gmail.com', 'Paula', 'CC100009', 'Torres', '5');
INSERT INTO passengers (id, address, cell, email, first_name, identification_number, last_name, reserve_id) VALUES ('10', 'Via España #45, Panamá', '3056789012', 'sofia.ramirez@gmail.com', 'Sofía', 'PA200001', 'Ramírez', '6');
INSERT INTO passengers (id, address, cell, email, first_name, identification_number, last_name, reserve_id) VALUES ('11', 'Av. Insurgentes Sur #1200, CDMX', '3067890123', 'diego.hernandez@gmail.com', 'Diego', 'MX300001', 'Hernández', '7');
INSERT INTO passengers (id, address, cell, email, first_name, identification_number, last_name, reserve_id) VALUES ('12', 'Av. Insurgentes Sur #1200, CDMX', '3067890124', 'diego.hernandez@gmail.com', 'Laura', 'MX300002', 'Hernández', '7');
INSERT INTO passengers (id, address, cell, email, first_name, identification_number, last_name, reserve_id) VALUES ('13', 'Av. Insurgentes Sur #1200, CDMX', '3067890125', 'diego.hernandez@gmail.com', 'Mateo', 'MX300003', 'Hernández', '7');
INSERT INTO passengers (id, address, cell, email, first_name, identification_number, last_name, reserve_id) VALUES ('14', 'Av. Insurgentes Sur #1200, CDMX', '3067890126', 'diego.hernandez@gmail.com', 'Valeria', 'MX300004', 'Hernández', '7');
INSERT INTO passengers (id, address, cell, email, first_name, identification_number, last_name, reserve_id) VALUES ('15', 'Av. Kukulcán Km 9, Cancún', '3078901234', 'laura.castillo@gmail.com', 'Laura', 'MX300005', 'Castillo', '8');
INSERT INTO passengers (id, address, cell, email, first_name, identification_number, last_name, reserve_id) VALUES ('16', 'Av. Kukulcán Km 9, Cancún', '3078901235', 'laura.castillo@gmail.com', 'Daniel', 'MX300006', 'Castillo', '8');
INSERT INTO passengers (id, address, cell, email, first_name, identification_number, last_name, reserve_id) VALUES ('17', 'Av. Corrientes 1234, Buenos Aires', '3089012345', 'martin.lopez@gmail.com', 'Martín', 'AR400001', 'López', '9');
INSERT INTO passengers (id, address, cell, email, first_name, identification_number, last_name, reserve_id) VALUES ('18', 'Av. Providencia 456, Santiago', '3090123456', 'valentina.silva@gmail.com', 'Valentina', 'CL500001', 'Silva', '10');
INSERT INTO passengers (id, address, cell, email, first_name, identification_number, last_name, reserve_id) VALUES ('19', 'Av. Providencia 456, Santiago', '3090123457', 'valentina.silva@gmail.com', 'Tomás', 'CL500002', 'Silva', '10');
INSERT INTO passengers (id, address, cell, email, first_name, identification_number, last_name, reserve_id) VALUES ('20', 'Av. Providencia 456, Santiago', '3090123458', 'valentina.silva@gmail.com', 'Isidora', 'CL500003', 'Silva', '10');
INSERT INTO reserve_flights (flight_id, reserve_id) VALUES ('1', '1');
INSERT INTO reserve_flights (flight_id, reserve_id) VALUES ('2', '2');
INSERT INTO reserve_flights (flight_id, reserve_id) VALUES ('1', '3');
INSERT INTO reserve_flights (flight_id, reserve_id) VALUES ('2', '4');
INSERT INTO reserve_flights (flight_id, reserve_id) VALUES ('5', '5');
INSERT INTO reserve_flights (flight_id, reserve_id) VALUES ('3', '6');
INSERT INTO reserve_flights (flight_id, reserve_id) VALUES ('6', '7');
INSERT INTO reserve_flights (flight_id, reserve_id) VALUES ('7', '8');
INSERT INTO reserve_flights (flight_id, reserve_id) VALUES ('7', '9');
INSERT INTO reserve_flights (flight_id, reserve_id) VALUES ('8', '10');
INSERT INTO reserve_flights (flight_id, reserve_id) VALUES ('9', '11');
INSERT INTO reserve_flights (flight_id, reserve_id) VALUES ('10', '12');
INSERT INTO reserve_flights (flight_id, reserve_id) VALUES ('11', '13');
INSERT INTO reserve_flights (flight_id, reserve_id) VALUES ('12', '14');
INSERT INTO reserve_flights (flight_id, reserve_id) VALUES ('15', '15');
INSERT INTO reserve_flights (flight_id, reserve_id) VALUES ('13', '16');
INSERT INTO reserve_flights (flight_id, reserve_id) VALUES ('14', '17');
INSERT INTO reserve_flights (flight_id, reserve_id) VALUES ('15', '18');
INSERT INTO reserve_flights (flight_id, reserve_id) VALUES ('16', '19');
INSERT INTO reserve_flights (flight_id, reserve_id) VALUES ('13', '20');
INSERT INTO reserve_flights (flight_id, reserve_id) VALUES ('3', '2');
INSERT INTO reserve_flights (flight_id, reserve_id) VALUES ('9', '2');
INSERT INTO reserve_flights (flight_id, reserve_id) VALUES ('1', '4');
INSERT INTO reserve_flights (flight_id, reserve_id) VALUES ('5', '4');
INSERT INTO reserve_flights (flight_id, reserve_id) VALUES ('10', '7');
INSERT INTO reserve_flights (flight_id, reserve_id) VALUES ('11', '7');
INSERT INTO reserve_flights (flight_id, reserve_id) VALUES ('14', '10');
INSERT INTO reserve_flights (flight_id, reserve_id) VALUES ('16', '10');
INSERT INTO reserve_flights (flight_id, reserve_id) VALUES ('9', '13');
INSERT INTO reserve_flights (flight_id, reserve_id) VALUES ('12', '13');
INSERT INTO reserve_flights (flight_id, reserve_id) VALUES ('15', '16');
INSERT INTO reserve_flights (flight_id, reserve_id) VALUES ('16', '16');
INSERT INTO user_role (user_id, role_id) VALUES ('1', '1');
INSERT INTO user_role (user_id, role_id) VALUES ('2', '1');
INSERT INTO user_role (user_id, role_id) VALUES ('3', '1');
INSERT INTO user_role (user_id, role_id) VALUES ('4', '1');
INSERT INTO user_role (user_id, role_id) VALUES ('5', '1');
INSERT INTO user_role (user_id, role_id) VALUES ('6', '1');
INSERT INTO user_role (user_id, role_id) VALUES ('7', '1');
INSERT INTO user_role (user_id, role_id) VALUES ('8', '1');
INSERT INTO user_role (user_id, role_id) VALUES ('9', '1');
INSERT INTO user_role (user_id, role_id) VALUES ('10', '1');
INSERT INTO user_role (user_id, role_id) VALUES ('11', '1');
INSERT INTO user_role (user_id, role_id) VALUES ('12', '1');
INSERT INTO user_role (user_id, role_id) VALUES ('13', '1');
INSERT INTO user_role (user_id, role_id) VALUES ('14', '1');
INSERT INTO user_role (user_id, role_id) VALUES ('15', '1');
INSERT INTO user_role (user_id, role_id) VALUES ('16', '1');
INSERT INTO user_role (user_id, role_id) VALUES ('17', '1');
INSERT INTO user_role (user_id, role_id) VALUES ('18', '1');
INSERT INTO user_role (user_id, role_id) VALUES ('19', '1');
INSERT INTO user_role (user_id, role_id) VALUES ('20', '1');